IP,	Times
10.15.173.174,	16036
222.205.12.54,	5141
10.76.1.104,	3331
10.171.197.202,	1817
10.171.193.128,	1333
222.205.5.9,	1224
123.126.68.27,	785
10.251.21.137,	636
10.171.199.112,	488
10.214.4.177,	476
61.161.162.126,	445
115.196.137.108,	341
222.205.23.235,	265
10.110.19.42,	249
210.32.172.117,	247
10.71.101.250,	216
10.110.18.97,	200
222.205.111.99,	195
222.205.0.133,	192
10.171.199.163,	186
10.214.4.157,	179
183.128.111.136,	178
10.71.101.115,	166
10.251.21.170,	158
58.206.207.20,	143
10.110.98.57,	143
210.32.153.212,	143
162.105.163.101,	128
222.205.34.116,	128
10.77.17.234,	124
10.214.4.135,	119
10.251.21.24,	115
10.214.4.168,	107
10.171.206.55,	105
61.147.110.14,	102
10.77.21.36,	101
58.206.202.118,	100
210.32.154.89,	100
58.206.207.3,	92
10.76.1.44,	91
10.214.4.117,	91
10.110.19.191,	89
61.172.146.37,	86
10.110.19.235,	81
10.77.22.49,	81
10.202.67.32,	80
10.251.140.149,	79
210.32.143.190,	78
210.32.189.46,	77
58.206.204.213,	76
10.214.4.142,	74
10.171.22.110,	73
10.77.17.74,	73
10.214.4.176,	71
10.110.18.189,	71
222.205.56.110,	70
222.56.128.173,	70
10.250.24.102,	70
10.171.194.53,	69
115.199.96.224,	69
10.77.17.27,	68
10.214.4.172,	67
10.77.21.62,	66
10.110.18.231,	65
222.205.106.19,	65
10.214.19.154,	64
10.110.18.185,	64
58.206.206.63,	64
10.171.194.163,	63
10.214.4.93,	62
182.131.10.17,	61
10.171.198.96,	61
10.171.198.221,	60
222.205.23.23,	59
10.11.21.65,	58
210.32.167.34,	57
10.171.200.174,	57
222.205.104.193,	56
10.171.204.147,	56
222.205.105.93,	55
10.171.194.103,	55
10.77.17.69,	55
211.140.18.98,	55
222.205.97.87,	54
10.171.27.69,	54
210.32.139.219,	53
222.205.28.106,	52
210.32.172.47,	52
10.77.21.11,	52
10.214.4.152,	51
10.171.198.116,	51
10.110.19.98,	50
222.205.107.253,	50
115.25.216.19,	50
10.77.21.49,	49
10.77.21.50,	49
58.206.199.97,	49
210.32.147.59,	47
10.214.9.209,	47
222.205.39.178,	47
10.251.129.181,	47
10.171.203.171,	47
210.32.144.46,	47
122.234.242.236,	47
10.171.199.15,	47
10.171.205.245,	46
10.77.21.32,	46
115.192.185.6,	46
10.171.196.155,	46
10.250.19.164,	46
10.171.198.80,	45
10.77.21.19,	45
210.32.141.30,	45
175.146.41.57,	45
10.78.21.73,	44
222.205.10.179,	44
119.109.241.108,	44
222.205.105.214,	44
113.204.19.228,	44
60.191.111.165,	43
120.11.72.16,	43
10.251.22.104,	42
10.171.204.248,	42
58.206.200.216,	41
10.250.28.92,	41
10.171.195.37,	41
1.202.218.8,	41
10.171.194.205,	41
10.77.17.71,	41
119.145.97.105,	40
10.77.21.47,	40
10.77.17.50,	40
10.77.22.26,	40
210.32.189.254,	40
10.110.19.69,	39
10.214.4.123,	39
10.77.21.12,	39
10.77.21.15,	38
10.250.16.198,	37
10.171.200.180,	37
10.171.199.191,	36
10.110.19.53,	36
10.214.4.160,	36
10.214.4.171,	36
10.77.17.54,	36
10.110.19.168,	35
10.251.40.4,	35
222.205.11.175,	35
210.32.186.127,	35
10.250.30.63,	35
10.77.17.75,	35
72.52.65.50,	34
222.205.11.59,	34
210.32.161.60,	34
58.206.197.120,	34
10.110.19.239,	34
58.206.205.23,	34
10.71.125.116,	34
10.171.203.127,	33
10.77.21.16,	33
10.77.21.20,	33
210.32.143.138,	33
220.181.94.228,	32
10.110.19.144,	32
10.202.67.23,	32
10.110.19.81,	32
10.171.195.144,	32
10.171.198.73,	32
210.32.139.207,	32
10.214.4.159,	32
10.77.21.37,	32
10.77.21.55,	32
222.205.98.215,	32
10.77.17.25,	32
210.32.188.8,	32
171.36.177.212,	32
10.110.19.43,	31
222.205.36.4,	31
210.32.143.84,	31
10.171.195.16,	31
222.205.51.56,	31
10.171.202.3,	31
10.251.163.10,	30
10.77.18.11,	30
216.67.91.216,	30
10.171.195.42,	30
10.77.21.24,	30
10.77.21.42,	30
27.10.157.42,	30
10.77.17.61,	30
10.77.17.40,	30
222.205.14.165,	30
125.118.65.125,	30
210.32.150.71,	30
10.251.162.255,	30
222.205.24.144,	29
10.171.195.51,	29
10.251.132.22,	29
10.171.199.56,	29
10.251.160.183,	29
58.206.201.88,	29
10.171.201.62,	29
10.171.208.235,	29
10.171.210.83,	29
10.171.204.107,	29
210.32.139.7,	29
210.32.155.249,	29
10.77.17.77,	29
10.77.18.38,	28
10.251.19.109,	28
69.84.207.147,	28
10.171.200.247,	28
10.77.21.18,	28
10.77.21.22,	28
222.205.108.154,	28
10.77.17.45,	28
10.77.17.24,	28
210.32.190.123,	28
10.77.21.21,	27
210.32.190.63,	27
10.250.26.185,	27
10.171.202.132,	27
58.206.206.186,	26
10.171.195.212,	26
210.32.191.183,	26
10.171.196.176,	26
10.250.20.57,	25
10.171.195.231,	25
10.251.138.70,	25
10.77.21.13,	25
210.32.143.171,	25
10.77.21.54,	25
10.111.230.180,	25
210.32.186.137,	25
222.205.96.158,	25
113.8.28.134,	24
10.251.128.244,	24
222.205.98.5,	24
10.110.19.136,	24
10.171.195.168,	24
10.171.194.83,	24
10.77.21.23,	24
10.250.17.147,	24
10.77.21.40,	24
210.32.147.212,	24
222.205.98.231,	24
222.205.34.173,	24
10.77.17.46,	24
10.77.17.29,	24
10.171.196.90,	24
113.76.113.144,	24
10.77.18.16,	23
10.171.202.90,	23
222.205.110.146,	23
10.110.37.140,	23
10.171.195.140,	23
210.32.191.145,	23
210.32.148.83,	23
10.251.19.31,	23
222.205.96.22,	23
10.171.194.149,	23
10.171.192.46,	23
10.251.139.68,	23
10.77.17.58,	23
222.205.6.211,	23
10.251.138.39,	22
10.171.197.108,	22
10.250.24.81,	22
218.31.39.130,	22
10.77.21.27,	22
210.32.147.243,	22
210.45.224.186,	22
10.77.17.38,	22
10.77.17.26,	22
65.52.109.72,	22
210.32.164.104,	22
210.32.162.194,	22
10.171.206.128,	21
210.32.172.72,	21
10.171.197.189,	21
222.205.108.3,	21
10.251.129.105,	21
10.171.203.114,	21
10.251.176.223,	21
222.205.32.253,	21
10.251.19.17,	21
222.205.111.169,	21
10.171.194.147,	21
10.171.192.155,	21
210.32.173.147,	21
222.205.37.126,	20
10.110.19.58,	20
210.32.146.5,	20
10.171.205.193,	20
10.110.9.13,	20
10.77.21.39,	20
221.229.123.101,	20
10.171.195.29,	20
10.171.24.134,	20
10.250.22.82,	20
10.171.194.139,	20
10.250.28.153,	20
10.171.192.88,	20
10.171.196.226,	20
10.50.125.68,	20
10.77.17.76,	20
10.77.17.73,	20
10.171.193.67,	19
10.171.201.248,	19
10.251.160.57,	19
222.205.105.166,	19
10.214.4.154,	19
10.171.198.172,	19
10.77.21.48,	19
10.77.21.45,	19
10.77.21.59,	19
210.32.150.112,	19
10.77.21.63,	19
222.92.53.54,	19
10.77.17.56,	19
10.110.18.19,	19
10.77.17.37,	19
10.171.202.163,	19
10.77.22.25,	19
10.251.141.102,	19
10.171.201.45,	19
210.32.173.183,	19
222.205.108.25,	19
10.251.96.140,	19
218.61.18.253,	18
10.171.206.152,	18
218.21.224.115,	18
210.32.155.192,	18
10.251.160.70,	18
10.251.136.160,	18
10.214.4.174,	18
10.214.4.145,	18
10.77.21.14,	18
10.251.136.36,	18
210.32.147.193,	18
210.32.147.194,	18
10.50.125.197,	18
10.77.17.35,	18
10.77.17.34,	18
10.171.200.101,	18
10.77.22.33,	18
58.212.229.238,	18
10.171.209.48,	18
10.251.42.217,	17
10.250.23.199,	17
219.82.53.243,	17
10.171.197.231,	17
10.171.201.188,	17
121.192.8.247,	17
210.32.191.141,	17
10.171.200.30,	17
116.228.236.186,	17
222.205.1.235,	17
10.251.19.28,	17
10.251.40.46,	17
10.214.4.167,	17
10.214.4.175,	17
10.251.21.184,	17
10.171.196.129,	17
10.77.21.30,	17
10.77.21.35,	17
10.171.195.26,	17
10.77.21.61,	17
222.205.98.75,	17
10.171.198.110,	17
10.171.198.112,	17
210.32.153.13,	17
10.171.196.175,	17
210.32.154.137,	17
210.32.186.186,	17
210.32.190.161,	17
10.71.10.14,	17
10.251.22.199,	16
10.171.197.155,	16
58.206.198.152,	16
203.208.60.211,	16
203.208.60.212,	16
210.32.148.23,	16
210.32.142.5,	16
10.214.4.115,	16
222.205.97.151,	16
222.205.32.200,	16
10.171.207.178,	16
10.251.21.122,	16
210.32.190.10,	16
10.171.208.11,	16
10.171.196.139,	16
10.77.17.47,	16
10.77.17.32,	16
10.77.17.36,	16
10.77.17.39,	16
222.205.106.180,	16
10.251.38.30,	15
58.206.209.112,	15
203.208.60.213,	15
10.214.9.220,	15
10.251.137.222,	15
121.204.190.184,	15
110.155.199.85,	15
222.205.47.18,	15
110.6.79.183,	15
10.171.195.35,	15
10.77.21.26,	15
10.77.21.28,	15
10.171.196.104,	15
10.77.21.33,	15
10.77.21.43,	15
10.77.21.44,	15
10.77.21.53,	15
222.205.104.194,	15
10.171.199.52,	15
10.171.196.227,	15
10.110.19.232,	15
10.171.192.210,	15
222.205.104.106,	15
137.111.13.200,	15
10.77.17.80,	15
210.32.166.229,	14
119.50.215.144,	14
210.32.153.146,	14
207.46.199.48,	14
10.250.16.193,	14
10.251.139.239,	14
10.250.27.120,	14
210.32.140.183,	14
10.171.195.175,	14
10.171.194.71,	14
10.251.19.30,	14
10.214.4.181,	14
10.251.39.61,	14
210.32.161.105,	14
10.214.4.179,	14
222.205.97.109,	14
58.206.208.7,	14
10.214.4.129,	14
58.206.199.168,	14
10.71.10.91,	14
10.77.21.56,	14
10.77.21.57,	14
10.251.21.54,	14
10.50.125.159,	14
10.251.162.13,	14
10.77.17.66,	14
10.77.17.44,	14
65.52.109.62,	14
10.251.128.139,	14
122.68.241.55,	14
222.220.113.16,	14
10.171.192.196,	14
120.203.53.165,	14
10.251.130.246,	14
101.7.243.28,	13
210.32.189.140,	13
210.32.160.46,	13
157.55.17.195,	13
10.110.19.177,	13
10.171.197.46,	13
10.171.208.154,	13
220.191.230.130,	13
210.32.143.10,	13
210.32.140.189,	13
10.171.197.237,	13
222.205.110.78,	13
10.251.19.39,	13
183.137.106.61,	13
10.171.195.232,	13
10.214.4.141,	13
10.251.40.26,	13
10.171.43.172,	13
10.171.198.153,	13
10.77.21.34,	13
220.181.141.66,	13
10.77.21.46,	13
10.77.21.52,	13
10.251.24.21,	13
10.171.199.43,	13
10.251.139.52,	13
10.251.139.22,	13
10.77.17.64,	13
10.77.17.55,	13
10.110.18.24,	13
10.77.17.42,	13
210.32.151.10,	13
210.32.142.49,	13
10.251.25.155,	13
60.15.103.14,	12
10.171.199.152,	12
222.205.12.55,	12
10.171.208.102,	12
113.13.19.254,	12
10.171.193.174,	12
210.32.146.247,	12
60.173.104.50,	12
10.250.17.234,	12
58.206.196.211,	12
10.171.203.13,	12
10.171.203.19,	12
110.17.254.60,	12
222.205.17.156,	12
124.93.222.8,	12
222.42.148.84,	12
60.190.196.98,	12
10.251.20.61,	12
10.214.4.178,	12
222.205.97.127,	12
182.147.217.142,	12
10.77.21.51,	12
210.32.185.240,	12
222.205.111.189,	12
10.171.28.53,	12
114.246.100.32,	12
10.171.192.134,	12
121.227.216.178,	12
114.98.46.206,	12
10.171.200.127,	12
10.171.205.11,	12
10.171.206.243,	12
10.171.192.195,	12
210.32.168.195,	12
216.67.59.18,	12
123.135.145.232,	12
210.32.190.135,	12
125.121.152.28,	11
10.171.197.167,	11
210.32.153.165,	11
10.251.161.116,	11
207.46.204.177,	11
10.171.17.45,	11
175.146.207.42,	11
10.171.207.65,	11
10.171.193.212,	11
222.205.24.9,	11
222.205.10.35,	11
222.205.108.250,	11
10.77.21.17,	11
10.77.21.25,	11
89.206.32.28,	11
10.171.195.90,	11
10.171.194.190,	11
10.171.194.126,	11
122.233.49.221,	11
10.171.196.184,	11
10.171.192.36,	11
10.77.17.62,	11
10.77.17.43,	11
122.77.61.29,	11
10.171.202.178,	11
10.110.19.238,	11
10.251.21.79,	11
210.32.166.176,	11
180.175.163.191,	11
210.32.186.104,	11
10.251.139.127,	11
210.32.186.77,	11
210.32.147.156,	11
119.54.21.241,	11
10.171.16.160,	11
10.171.197.145,	10
10.214.9.221,	10
10.214.55.181,	10
10.110.19.82,	10
10.251.129.51,	10
115.192.199.186,	10
10.251.19.158,	10
10.251.129.177,	10
222.205.99.49,	10
180.208.57.165,	10
222.205.55.81,	10
10.171.199.246,	10
10.171.203.113,	10
210.32.188.36,	10
10.251.40.13,	10
222.205.99.172,	10
10.251.40.37,	10
10.251.97.222,	10
218.28.206.91,	10
202.101.162.137,	10
10.77.21.31,	10
10.171.210.116,	10
122.224.208.198,	10
10.77.17.63,	10
10.77.17.49,	10
210.32.144.6,	10
10.251.96.176,	10
210.32.190.141,	10
10.171.205.61,	10
222.205.56.27,	9
10.251.140.214,	9
10.171.16.9,	9
10.251.22.167,	9
10.251.22.30,	9
210.32.186.225,	9
10.171.193.178,	9
217.16.7.226,	9
10.78.21.103,	9
10.214.28.214,	9
210.32.155.171,	9
10.171.196.5,	9
10.251.161.167,	9
10.171.197.232,	9
10.251.19.33,	9
10.251.19.61,	9
10.214.4.151,	9
10.251.96.41,	9
10.251.24.54,	9
10.171.200.236,	9
10.77.21.38,	9
10.77.21.68,	9
210.32.188.110,	9
222.205.22.201,	9
10.171.194.140,	9
10.251.30.107,	9
10.171.199.61,	9
210.32.190.251,	9
10.171.196.143,	9
210.32.190.52,	9
10.77.17.51,	9
10.77.17.41,	9
10.171.202.5,	9
10.171.192.8,	9
10.77.17.28,	9
10.171.192.85,	9
10.171.200.111,	9
210.32.142.247,	9
10.171.192.209,	9
210.32.142.19,	9
10.50.125.74,	9
58.206.205.188,	9
10.77.18.27,	8
210.32.155.87,	8
222.205.56.16,	8
10.171.197.172,	8
10.171.202.96,	8
120.203.214.10,	8
10.171.202.25,	8
10.110.19.173,	8
10.171.199.119,	8
222.205.110.190,	8
115.192.116.182,	8
10.171.193.116,	8
58.206.194.130,	8
113.104.9.167,	8
10.251.39.202,	8
10.171.197.242,	8
85.86.98.219,	8
10.250.26.255,	8
182.240.152.74,	8
218.108.85.252,	8
10.250.23.63,	8
210.32.172.107,	8
10.171.207.205,	8
10.171.198.17,	8
210.21.230.126,	8
210.32.163.102,	8
222.205.43.150,	8
220.249.194.187,	8
10.214.4.143,	8
10.171.193.211,	8
10.77.21.29,	8
10.171.195.10,	8
10.77.21.41,	8
10.251.23.197,	8
10.77.21.60,	8
211.140.18.104,	8
61.111.15.70,	8
10.171.199.79,	8
211.140.5.121,	8
10.171.199.32,	8
210.32.185.93,	8
10.171.192.79,	8
210.32.145.30,	8
10.171.202.211,	8
210.32.184.160,	8
10.77.17.65,	8
10.77.17.33,	8
10.77.17.31,	8
210.32.184.129,	8
222.205.31.138,	8
183.138.216.55,	8
113.236.32.27,	8
83.233.148.107,	8
58.48.178.6,	8
210.32.155.220,	8
114.94.85.123,	8
10.251.139.155,	8
10.171.192.221,	8
222.205.104.29,	8
210.32.166.27,	8
222.205.108.173,	8
10.171.197.2,	8
10.251.138.26,	7
10.171.197.157,	7
211.65.214.14,	7
210.32.184.223,	7
10.171.208.108,	7
210.32.146.180,	7
182.151.82.200,	7
180.184.144.252,	7
10.71.90.79,	7
210.32.155.187,	7
10.251.130.24,	7
210.32.152.253,	7
207.46.204.175,	7
10.171.198.50,	7
10.110.18.248,	7
222.205.97.144,	7
61.187.186.146,	7
210.32.165.161,	7
10.251.40.1,	7
10.251.20.45,	7
10.214.4.164,	7
10.214.4.173,	7
10.251.40.11,	7
221.176.244.190,	7
10.214.4.139,	7
10.251.136.95,	7
10.251.21.143,	7
10.171.200.228,	7
27.191.1.135,	7
222.205.20.213,	7
10.251.136.223,	7
10.171.204.201,	7
222.205.18.107,	7
222.205.106.254,	7
119.19.2.243,	7
222.205.106.221,	7
210.32.190.46,	7
218.28.125.66,	7
10.171.192.30,	7
10.77.17.67,	7
10.77.17.57,	7
10.214.9.187,	7
10.77.17.23,	7
10.78.86.100,	7
10.251.135.182,	7
10.251.19.8,	7
210.32.163.10,	7
10.251.133.54,	7
10.78.21.2,	7
10.251.142.7,	7
222.205.104.48,	7
10.77.17.86,	7
10.77.17.85,	7
114.80.93.73,	6
10.171.193.87,	6
10.171.199.151,	6
10.171.197.70,	6
210.32.139.149,	6
210.32.184.50,	6
118.250.38.11,	6
123.125.71.33,	6
210.32.146.223,	6
10.171.197.185,	6
10.171.197.183,	6
114.113.197.131,	6
210.32.144.99,	6
10.251.134.124,	6
10.251.23.21,	6
10.251.178.22,	6
210.32.148.75,	6
210.32.148.137,	6
10.171.200.18,	6
10.251.20.73,	6
210.32.146.110,	6
10.171.195.245,	6
89.135.124.125,	6
58.206.204.172,	6
222.205.1.248,	6
10.251.26.104,	6
124.115.5.11,	6
10.171.196.118,	6
116.213.170.66,	6
10.171.200.227,	6
58.206.199.189,	6
10.171.195.24,	6
10.171.209.180,	6
10.171.199.89,	6
10.171.194.178,	6
58.50.71.76,	6
210.32.143.188,	6
10.171.194.196,	6
183.60.198.174,	6
222.189.140.78,	6
210.32.154.151,	6
10.171.196.144,	6
27.9.180.122,	6
211.140.5.111,	6
221.3.133.250,	6
10.251.162.14,	6
10.111.230.20,	6
10.77.17.30,	6
10.171.192.91,	6
210.32.190.128,	6
10.251.137.170,	6
180.158.218.230,	6
210.32.166.139,	6
124.160.208.139,	6
218.201.70.8,	6
10.251.130.234,	6
222.36.0.46,	6
10.250.29.18,	6
10.171.194.229,	6
182.135.150.125,	6
119.57.28.250,	5
222.218.142.188,	5
10.171.199.195,	5
10.171.197.137,	5
10.214.9.207,	5
10.251.22.158,	5
10.171.197.13,	5
121.18.50.170,	5
210.32.139.176,	5
184.73.131.57,	5
124.115.0.28,	5
124.115.0.21,	5
210.32.140.107,	5
210.32.139.138,	5
10.171.193.144,	5
210.32.185.179,	5
10.171.201.137,	5
27.9.67.111,	5
222.205.22.183,	5
219.133.153.124,	5
183.201.39.174,	5
10.251.40.3,	5
10.251.140.132,	5
10.171.198.64,	5
123.90.1.242,	5
210.32.154.241,	5
10.171.207.137,	5
10.251.161.86,	5
58.206.208.160,	5
27.16.182.70,	5
210.37.11.212,	5
10.171.192.136,	5
115.193.131.186,	5
223.242.5.126,	5
221.199.171.158,	5
118.192.33.113,	5
210.32.147.209,	5
219.159.239.97,	5
10.171.192.28,	5
10.251.132.126,	5
10.251.160.196,	5
58.206.197.212,	5
210.32.146.37,	5
210.32.184.152,	5
222.88.155.67,	5
210.32.142.243,	5
10.251.128.111,	5
210.32.151.35,	5
10.15.62.239,	5
211.75.174.78,	5
10.78.86.92,	5
210.32.162.162,	5
110.102.163.201,	5
110.152.86.37,	4
119.191.241.229,	4
110.187.237.24,	4
10.171.193.52,	4
124.115.4.196,	4
210.32.146.135,	4
222.205.109.212,	4
10.171.206.112,	4
210.32.184.49,	4
123.125.71.27,	4
10.171.193.167,	4
10.171.197.95,	4
111.115.19.112,	4
10.13.81.5,	4
27.41.6.3,	4
125.76.52.224,	4
210.32.143.50,	4
123.67.68.146,	4
210.32.184.184,	4
123.125.71.36,	4
211.67.153.21,	4
123.10.14.129,	4
124.238.242.39,	4
10.121.32.15,	4
114.61.7.97,	4
210.32.185.148,	4
210.32.191.129,	4
123.115.122.116,	4
222.205.99.68,	4
10.251.20.39,	4
10.171.193.240,	4
222.205.105.125,	4
210.32.188.66,	4
182.88.54.230,	4
10.214.4.147,	4
10.251.40.14,	4
60.31.196.6,	4
210.32.143.121,	4
60.186.222.41,	4
61.184.187.18,	4
222.16.81.109,	4
123.126.51.63,	4
49.113.242.217,	4
210.32.141.70,	4
124.67.253.165,	4
10.251.132.112,	4
211.140.5.102,	4
10.171.192.27,	4
10.251.139.32,	4
58.62.94.81,	4
10.171.200.157,	4
124.115.6.13,	4
218.74.157.96,	4
10.110.19.230,	4
10.110.18.84,	4
125.217.43.212,	4
65.52.110.17,	4
124.160.208.101,	4
58.206.207.235,	4
114.86.252.74,	4
10.171.200.186,	4
10.171.196.74,	4
118.182.102.210,	4
60.191.235.2,	4
59.40.148.57,	4
66.249.68.240,	4
66.249.68.241,	4
116.112.46.182,	4
119.5.10.19,	4
113.86.93.29,	4
60.165.225.206,	4
113.226.69.115,	4
10.110.19.193,	3
10.171.68.175,	3
210.32.144.170,	3
115.208.155.88,	3
124.115.4.193,	3
58.221.159.106,	3
210.32.142.109,	3
115.193.162.146,	3
60.12.5.30,	3
210.32.184.39,	3
123.125.71.29,	3
123.125.71.17,	3
119.139.192.19,	3
124.78.196.188,	3
121.57.187.144,	3
123.125.71.57,	3
60.165.176.232,	3
123.125.71.41,	3
119.147.7.25,	3
10.171.201.165,	3
10.171.194.80,	3
219.144.132.66,	3
112.239.150.176,	3
119.123.151.49,	3
115.238.33.154,	3
117.33.1.98,	3
207.46.204.169,	3
10.171.211.63,	3
207.46.194.126,	3
10.171.200.49,	3
112.64.188.188,	3
123.125.71.105,	3
59.58.168.174,	3
123.125.71.113,	3
221.209.62.22,	3
190.108.64.114,	3
10.214.17.152,	3
123.90.92.224,	3
222.219.214.97,	3
220.249.194.180,	3
124.115.0.108,	3
61.135.249.215,	3
157.55.112.208,	3
222.247.109.250,	3
207.46.12.157,	3
210.32.190.239,	3
1.27.9.131,	3
124.160.209.22,	3
210.32.169.41,	3
210.32.165.3,	3
61.153.79.196,	3
123.179.219.122,	3
211.140.18.107,	3
218.87.221.246,	3
221.122.51.61,	3
14.145.61.21,	3
122.224.100.114,	3
114.216.116.79,	3
119.115.237.247,	3
10.171.33.74,	3
175.154.196.194,	3
195.188.228.30,	3
222.87.144.179,	3
10.171.196.152,	3
116.117.106.22,	3
113.89.205.72,	3
119.48.176.160,	3
10.71.149.179,	3
10.75.0.151,	3
65.52.109.146,	3
10.171.205.21,	3
94.242.217.29,	3
123.133.198.124,	3
127.0.0.1,	3
116.115.221.18,	3
59.49.19.179,	3
175.18.12.171,	3
78.83.178.6,	3
222.205.110.200,	3
59.172.102.142,	3
66.249.68.242,	3
66.249.68.243,	3
61.155.206.139,	3
210.32.144.138,	2
222.205.46.154,	2
109.230.246.165,	2
180.175.60.240,	2
122.230.171.117,	2
67.210.239.131,	2
10.110.19.45,	2
10.110.19.41,	2
121.35.218.234,	2
10.171.206.131,	2
110.6.35.8,	2
220.152.252.45,	2
1.80.189.227,	2
210.32.139.150,	2
10.110.19.37,	2
117.39.58.97,	2
119.86.128.161,	2
118.183.95.219,	2
66.249.66.3,	2
123.125.71.26,	2
123.125.71.32,	2
123.125.71.16,	2
123.125.71.18,	2
124.115.0.19,	2
222.205.2.126,	2
123.125.71.22,	2
123.125.71.21,	2
123.125.71.20,	2
220.191.116.14,	2
114.248.168.99,	2
182.118.20.239,	2
111.127.99.135,	2
27.19.226.188,	2
218.104.49.146,	2
219.145.199.210,	2
218.94.91.234,	2
10.251.129.83,	2
180.124.219.65,	2
222.205.105.88,	2
180.116.220.66,	2
114.219.78.136,	2
121.251.48.245,	2
220.181.51.229,	2
210.32.146.242,	2
222.33.68.122,	2
210.43.234.78,	2
10.251.160.11,	2
123.125.71.94,	2
123.125.71.99,	2
123.125.71.98,	2
123.125.71.79,	2
123.125.71.80,	2
123.125.71.69,	2
123.125.71.74,	2
123.125.71.77,	2
123.125.71.75,	2
123.125.71.58,	2
95.108.241.252,	2
218.213.26.182,	2
36.40.157.119,	2
123.125.71.60,	2
220.181.140.42,	2
123.125.71.48,	2
123.125.71.47,	2
123.125.71.55,	2
222.205.16.78,	2
222.205.107.111,	2
184.72.4.234,	2
222.205.55.42,	2
222.219.82.54,	2
211.68.3.254,	2
121.205.12.245,	2
222.205.36.252,	2
210.32.145.230,	2
222.217.127.198,	2
183.15.112.195,	2
10.171.193.193,	2
180.168.25.182,	2
110.97.17.179,	2
10.171.207.215,	2
202.118.180.211,	2
114.101.117.88,	2
222.205.22.117,	2
222.205.106.20,	2
10.214.4.109,	2
219.141.253.222,	2
58.210.74.138,	2
60.184.20.90,	2
218.5.11.67,	2
124.115.4.200,	2
222.205.105.192,	2
222.205.97.158,	2
210.32.163.6,	2
123.125.71.103,	2
123.125.71.108,	2
123.125.71.106,	2
123.125.71.109,	2
221.6.194.129,	2
113.67.248.47,	2
123.125.71.114,	2
123.125.71.115,	2
123.84.47.135,	2
123.125.71.117,	2
222.205.105.156,	2
222.205.24.102,	2
222.219.214.98,	2
74.117.180.59,	2
74.125.16.222,	2
218.18.115.36,	2
10.171.207.54,	2
124.115.0.168,	2
219.147.198.115,	2
222.205.105.105,	2
61.135.249.203,	2
10.214.4.144,	2
211.153.8.131,	2
125.71.157.144,	2
10.171.203.151,	2
10.251.131.221,	2
210.32.144.54,	2
10.110.34.141,	2
183.247.145.145,	2
10.77.16.153,	2
125.47.229.217,	2
222.81.81.18,	2
124.115.1.7,	2
10.171.193.7,	2
10.171.196.109,	2
221.210.146.26,	2
10.110.37.76,	2
10.110.37.71,	2
61.153.251.162,	2
10.251.130.167,	2
210.32.185.253,	2
10.251.136.11,	2
59.90.146.65,	2
220.181.108.96,	2
125.123.231.153,	2
124.160.208.201,	2
220.181.108.81,	2
210.32.150.162,	2
210.32.152.181,	2
111.167.157.232,	2
222.205.124.252,	2
180.120.225.254,	2
180.84.88.44,	2
27.38.9.176,	2
10.214.23.189,	2
74.222.1.78,	2
210.32.189.24,	2
10.251.160.121,	2
210.32.154.162,	2
210.32.153.79,	2
111.181.136.97,	2
220.191.251.221,	2
1.80.3.37,	2
114.82.82.182,	2
222.205.45.14,	2
65.52.109.151,	2
219.82.160.167,	2
123.126.68.26,	2
10.171.202.177,	2
10.111.230.62,	2
122.233.231.106,	2
210.32.142.233,	2
210.32.142.232,	2
222.205.110.239,	2
117.32.69.132,	2
61.177.124.34,	2
210.32.142.204,	2
218.241.216.34,	2
222.66.124.66,	2
58.200.100.2,	2
10.171.201.50,	2
10.110.18.60,	2
210.32.173.168,	2
10.251.130.204,	2
218.9.77.164,	2
50.18.26.147,	2
10.214.0.99,	2
10.251.96.198,	2
10.171.192.205,	2
10.171.192.220,	2
210.32.154.28,	2
123.11.12.208,	2
10.251.141.164,	2
10.251.141.165,	2
222.205.96.133,	2
66.249.68.244,	2
210.32.190.159,	2
180.106.52.61,	2
114.101.116.122,	2
123.125.67.207,	2
10.111.230.129,	2
60.186.91.142,	2
123.122.129.240,	1
58.101.113.136,	1
122.230.164.159,	1
114.80.93.51,	1
114.80.93.53,	1
118.183.137.231,	1
114.80.93.54,	1
110.102.119.242,	1
10.77.18.26,	1
114.80.93.50,	1
114.80.93.55,	1
114.80.93.57,	1
218.66.11.2,	1
210.32.144.158,	1
218.84.74.226,	1
222.88.79.54,	1
210.32.144.173,	1
124.115.4.194,	1
122.230.162.12,	1
210.32.160.15,	1
58.216.164.82,	1
221.235.43.231,	1
222.169.45.164,	1
121.56.202.194,	1
58.246.7.66,	1
210.32.184.25,	1
220.181.51.231,	1
220.248.177.196,	1
10.110.19.47,	1
116.10.34.90,	1
183.11.175.152,	1
58.100.60.36,	1
27.38.90.240,	1
27.19.105.126,	1
10.171.197.74,	1
119.119.28.47,	1
10.71.170.24,	1
184.32.205.81,	1
118.249.173.32,	1
209.85.224.90,	1
209.85.224.95,	1
209.85.224.96,	1
209.85.224.98,	1
123.131.86.174,	1
209.85.224.92,	1
125.120.155.223,	1
209.85.224.94,	1
209.85.224.99,	1
66.249.66.6,	1
10.110.0.71,	1
209.85.224.85,	1
114.64.32.86,	1
209.85.224.80,	1
209.85.224.89,	1
123.125.71.24,	1
123.125.71.28,	1
123.125.71.30,	1
123.125.71.34,	1
123.125.71.31,	1
123.125.71.15,	1
123.125.71.14,	1
123.125.71.13,	1
14.114.217.127,	1
123.125.71.19,	1
218.13.201.46,	1
184.187.15.2,	1
113.142.20.40,	1
125.71.159.64,	1
123.125.71.23,	1
113.142.20.38,	1
61.135.248.185,	1
124.115.0.24,	1
124.115.0.23,	1
210.32.151.45,	1
123.125.71.12,	1
74.125.18.149,	1
182.118.20.236,	1
61.135.248.176,	1
113.142.20.22,	1
74.125.18.150,	1
59.72.97.32,	1
175.18.64.14,	1
221.234.16.93,	1
113.108.12.138,	1
218.59.119.137,	1
210.32.187.39,	1
210.32.163.66,	1
220.112.230.194,	1
220.181.51.221,	1
113.108.12.112,	1
220.181.51.228,	1
10.251.129.61,	1
92.240.68.152,	1
123.125.71.91,	1
123.125.71.95,	1
60.214.128.126,	1
123.125.71.97,	1
124.114.242.178,	1
123.125.71.84,	1
123.125.71.82,	1
123.125.71.87,	1
207.151.245.18,	1
10.251.20.183,	1
115.232.52.140,	1
74.125.18.162,	1
123.125.71.70,	1
10.171.206.65,	1
123.125.71.49,	1
220.181.108.141,	1
220.181.108.147,	1
50.2.43.39,	1
220.181.108.139,	1
180.107.53.47,	1
123.125.71.52,	1
123.125.71.56,	1
123.125.71.38,	1
123.125.71.39,	1
118.112.27.13,	1
210.32.143.86,	1
116.208.92.74,	1
123.125.71.40,	1
123.125.71.45,	1
113.111.203.250,	1
123.125.71.42,	1
58.100.63.16,	1
210.32.144.79,	1
113.109.59.21,	1
222.205.15.139,	1
10.171.201.190,	1
218.11.48.15,	1
10.251.162.81,	1
222.205.109.143,	1
122.230.173.23,	1
114.249.120.145,	1
222.205.22.181,	1
123.89.115.248,	1
175.169.165.252,	1
113.142.9.111,	1
10.110.89.17,	1
183.12.179.13,	1
115.236.33.226,	1
113.142.9.125,	1
123.181.77.255,	1
59.64.113.244,	1
218.20.61.148,	1
220.178.222.90,	1
218.83.242.218,	1
119.109.118.230,	1
119.6.32.141,	1
115.238.36.250,	1
183.38.246.0,	1
210.32.148.52,	1
117.135.129.73,	1
180.109.218.152,	1
109.230.246.239,	1
180.175.61.125,	1
10.171.199.211,	1
218.24.68.25,	1
59.58.112.42,	1
119.96.121.215,	1
124.115.4.215,	1
122.230.165.210,	1
210.32.150.250,	1
210.32.173.23,	1
122.237.167.187,	1
222.205.15.58,	1
116.226.78.63,	1
123.96.126.220,	1
175.41.181.96,	1
222.205.97.138,	1
10.214.4.111,	1
210.32.163.105,	1
222.205.34.231,	1
10.171.199.6,	1
10.11.35.3,	1
124.115.4.205,	1
210.32.152.13,	1
124.115.4.203,	1
124.115.4.202,	1
222.205.1.227,	1
124.131.137.142,	1
123.125.71.100,	1
123.125.71.104,	1
123.125.71.101,	1
123.125.71.107,	1
113.90.50.80,	1
10.171.205.144,	1
123.125.71.112,	1
112.90.194.185,	1
115.192.113.252,	1
222.205.96.96,	1
119.226.226.146,	1
218.240.53.3,	1
61.135.249.246,	1
210.32.188.64,	1
10.171.195.237,	1
60.171.208.173,	1
222.205.19.201,	1
74.125.16.221,	1
125.71.158.19,	1
124.115.0.157,	1
74.125.16.216,	1
74.125.16.215,	1
74.125.16.210,	1
124.115.0.160,	1
124.115.0.164,	1
124.115.0.163,	1
10.171.195.215,	1
119.136.228.235,	1
74.125.16.209,	1
10.251.138.93,	1
218.84.116.201,	1
124.115.0.104,	1
124.115.0.105,	1
36.40.84.147,	1
124.115.0.111,	1
60.209.7.46,	1
117.69.101.161,	1
115.170.229.63,	1
222.71.248.9,	1
10.250.19.196,	1
222.74.51.158,	1
116.236.231.245,	1
125.70.117.234,	1
112.195.94.165,	1
60.186.219.150,	1
60.182.206.68,	1
58.26.173.202,	1
218.201.233.166,	1
210.33.81.247,	1
10.171.195.11,	1
122.230.165.168,	1
125.122.210.168,	1
222.205.46.77,	1
220.181.108.77,	1
220.181.108.75,	1
211.140.18.108,	1
210.32.172.207,	1
222.205.46.59,	1
117.40.176.233,	1
220.181.108.90,	1
125.76.183.143,	1
124.160.208.211,	1
60.182.203.171,	1
210.45.136.213,	1
220.181.108.83,	1
220.181.108.86,	1
218.61.155.58,	1
202.116.81.168,	1
10.171.195.82,	1
219.77.157.45,	1
123.127.64.5,	1
180.127.6.123,	1
221.194.76.230,	1
210.32.187.252,	1
58.34.54.3,	1
66.71.191.77,	1
59.44.225.171,	1
61.135.249.36,	1
88.131.106.2,	1
88.131.106.3,	1
88.131.106.4,	1
183.137.56.164,	1
61.135.249.67,	1
88.131.106.6,	1
36.40.95.202,	1
124.115.10.76,	1
61.135.249.60,	1
60.10.198.154,	1
114.252.173.119,	1
208.80.194.30,	1
208.80.194.33,	1
61.135.249.169,	1
10.171.192.108,	1
10.12.124.186,	1
61.135.249.158,	1
61.135.249.151,	1
58.244.36.189,	1
61.135.249.23,	1
61.135.249.180,	1
61.135.249.25,	1
211.140.18.118,	1
222.205.107.51,	1
219.146.129.150,	1
210.32.143.182,	1
58.100.188.113,	1
10.171.204.219,	1
61.135.249.179,	1
61.135.249.174,	1
61.135.249.173,	1
61.135.249.10,	1
114.232.237.71,	1
219.82.6.53,	1
61.135.249.123,	1
59.108.246.156,	1
61.135.249.116,	1
110.52.24.148,	1
117.136.5.80,	1
183.14.106.89,	1
61.135.249.143,	1
208.80.194.27,	1
208.80.194.28,	1
202.114.85.47,	1
61.135.249.134,	1
61.135.249.133,	1
10.251.25.238,	1
61.135.249.135,	1
61.135.249.132,	1
115.199.111.16,	1
124.72.62.28,	1
61.135.249.89,	1
202.196.68.150,	1
113.142.18.180,	1
61.135.249.78,	1
10.171.192.14,	1
114.92.89.106,	1
61.135.249.108,	1
221.212.153.146,	1
125.71.156.203,	1
113.205.84.145,	1
123.125.67.164,	1
210.32.146.20,	1
10.171.200.155,	1
124.160.208.14,	1
124.160.208.170,	1
10.250.25.216,	1
183.12.101.44,	1
10.171.192.99,	1
115.228.165.59,	1
121.14.98.65,	1
210.32.186.190,	1
222.212.237.50,	1
220.181.127.233,	1
101.80.212.136,	1
10.11.131.179,	1
27.115.24.218,	1
210.39.43.158,	1
59.61.83.162,	1
124.133.76.88,	1
123.115.4.236,	1
118.112.22.30,	1
202.110.73.142,	1
125.73.81.255,	1
221.212.67.148,	1
10.76.5.74,	1
124.115.11.58,	1
61.135.186.15,	1
202.113.99.133,	1
60.26.221.196,	1
10.171.196.63,	1
222.205.45.54,	1
10.171.192.213,	1
219.220.26.244,	1
10.171.192.201,	1
10.251.162.200,	1
210.38.1.65,	1
117.90.139.67,	1
61.135.248.234,	1
61.135.248.232,	1
61.135.248.231,	1
61.135.248.230,	1
10.110.19.200,	1
59.252.170.29,	1
119.36.38.190,	1
121.14.153.143,	1
112.193.169.12,	1
98.102.153.89,	1
125.79.178.189,	1
222.205.104.119,	1
59.52.157.134,	1
50.17.180.191,	1
182.149.194.25,	1
96.49.239.15,	1
66.249.71.129,	1
220.200.57.201,	1
61.135.248.225,	1
61.135.248.220,	1
61.135.248.226,	1
123.125.67.214,	1
123.125.67.206,	1
123.125.67.209,	1
114.88.193.20,	1
10.171.210.242,	1
61.135.248.216,	1
118.113.218.146,	1
218.94.115.34,	1
220.181.126.92,	1
61.155.206.189,	1
